{"cameraMode":{"drawMode":0,"name":"Shaded","section":"Shading Mode"},"sceneLighting":true,"audioPlay":false,"sceneViewState":{"showFog":true,"showMaterialUpdate":false,"showSkybox":true,"showFlares":true,"showImageEffects":true,"showParticleSystems":true},"in2DMode":false,"pivot":{"x":0.04494231939315796,"y":5.374770164489746,"z":-4.874514579772949},"rotation":{"x":0.17486430704593659,"y":-0.023558244109153749,"z":0.0041854409500956539,"w":0.9843018054962158},"size":5.861310958862305,"orthographic":false}